-- Заполнение таблиц тестовыми данными
-- 2 анкеты, каждая с 2 вопросами по 3 варианта ответа

-- ============================================
-- Анкета 1: "Опрос о технологиях разработки"
-- ============================================
INSERT INTO surveys (id, title, description, status, created_by, end_date, responses_count, is_anonymous)
VALUES 
    ('11111111-1111-1111-1111-111111111111', 
     'Опрос о технологиях разработки', 
     'Узнайте больше о предпочтениях разработчиков в выборе технологий',
     'active',
     1,
     NOW() + INTERVAL '30 days',
     0,
     false);

-- Вопрос 1.1: "Какой язык программирования вы предпочитаете?"
INSERT INTO questions (id, survey_id, question_text, question_order, allow_multiple_answers)
VALUES
    ('a1111111-1111-1111-1111-111111111111', '11111111-1111-1111-1111-111111111111', 
     'Какой язык программирования вы предпочитаете для backend разработки?', 
     1, false);

-- Варианты ответов для вопроса 1.1
INSERT INTO question_options (id, question_id, option_text, option_order)
VALUES
    ('b1111111-1111-1111-1111-111111111111', 'a1111111-1111-1111-1111-111111111111', 'Python', 1),
    ('b1111111-1111-1111-1111-111111111112', 'a1111111-1111-1111-1111-111111111111', 'JavaScript/TypeScript', 2),
    ('b1111111-1111-1111-1111-111111111113', 'a1111111-1111-1111-1111-111111111111', 'Go', 3);

-- Вопрос 1.2: "Какую базу данных вы используете?"
INSERT INTO questions (id, survey_id, question_text, question_order, allow_multiple_answers)
VALUES
    ('a1111111-1111-1111-1111-111111111112', '11111111-1111-1111-1111-111111111111', 
     'Какую базу данных вы чаще всего используете?', 
     2, false);

-- Варианты ответов для вопроса 1.2
INSERT INTO question_options (id, question_id, option_text, option_order)
VALUES
    ('b1111111-1111-1111-1111-111111111121', 'a1111111-1111-1111-1111-111111111112', 'PostgreSQL', 1),
    ('b1111111-1111-1111-1111-111111111122', 'a1111111-1111-1111-1111-111111111112', 'MongoDB', 2),
    ('b1111111-1111-1111-1111-111111111123', 'a1111111-1111-1111-1111-111111111112', 'MySQL', 3);

-- ============================================
-- Анкета 2: "Опрос об операционных системах"
-- ============================================
INSERT INTO surveys (id, title, description, status, created_by, end_date, responses_count, is_anonymous)
VALUES 
    ('22222222-2222-2222-2222-222222222222', 
     'Опрос об операционных системах', 
     'Выясните предпочтения разработчиков в выборе ОС и IDE',
     'active',
     1,
     NOW() + INTERVAL '30 days',
     0,
     true);

-- Вопрос 2.1: "Какую операционную систему вы используете?"
INSERT INTO questions (id, survey_id, question_text, question_order, allow_multiple_answers)
VALUES
    ('a2222222-2222-2222-2222-222222222221', '22222222-2222-2222-2222-222222222222', 
     'Какую операционную систему вы используете для разработки?', 
     1, false);

-- Варианты ответов для вопроса 2.1
INSERT INTO question_options (id, question_id, option_text, option_order)
VALUES
    ('b2222222-2222-2222-2222-222222222211', 'a2222222-2222-2222-2222-222222222221', 'Linux', 1),
    ('b2222222-2222-2222-2222-222222222212', 'a2222222-2222-2222-2222-222222222221', 'macOS', 2),
    ('b2222222-2222-2222-2222-222222222213', 'a2222222-2222-2222-2222-222222222221', 'Windows', 3);

-- Вопрос 2.2: "Какую IDE вы предпочитаете?"
INSERT INTO questions (id, survey_id, question_text, question_order, allow_multiple_answers)
VALUES
    ('a2222222-2222-2222-2222-222222222222', '22222222-2222-2222-2222-222222222222', 
     'Какую IDE вы предпочитаете использовать?', 
     2, false);

-- Варианты ответов для вопроса 2.2
INSERT INTO question_options (id, question_id, option_text, option_order)
VALUES
    ('b2222222-2222-2222-2222-222222222221', 'a2222222-2222-2222-2222-222222222222', 'VS Code', 1),
    ('b2222222-2222-2222-2222-222222222222', 'a2222222-2222-2222-2222-222222222222', 'JetBrains (PyCharm/WebStorm)', 2),
    ('b2222222-2222-2222-2222-222222222223', 'a2222222-2222-2222-2222-222222222222', 'Vim/Neovim', 3);
